{
  "saved_at": "2026-02-03T19:08:47.913763",
  "configs": {
    "PLAYER_1": {
      "label": "Aggressive",
      "weights": {
        "RSI_7": 1.0,
        "STOCH_5_3": 1.0,
        "TSI_13_25": 1.0,
        "CMO_14": 1.0,
        "WILLR_14": 1.0,
        "OBV": 0.7897093250400161,
        "MFI_14": 0.351559213067102,
        "ADX_14": 0.6315965695703725,
        "DEMA_20": 0.7544392445157746,
        "NATR_14": 1.0,
        "TRUERANGE": 1.0,
        "NATR_21": 0.9938416747477874
      },
      "entry_threshold": 0.31,
      "exit_threshold": -0.18,
      "min_hold_bars": 2
    },
    "PLAYER_2": {
      "label": "Conservative",
      "weights": {
        "ADX_14": 0.7486876759907526,
        "SUPERTREND_7_3": 0.7030735251894336,
        "EMA_50": 0.6415347526413128,
        "AROON_14": 0.5025581396566445,
        "CMF_20": 0.4182046100367379,
        "RSI_14": 0.3319367110444148,
        "BBANDS_20_2": 0.2669163931161729,
        "OBV": 0.2457256282283743,
        "VWMA_20": 0.31132082239567155,
        "HMA_9": 0.2315360616134869,
        "CMO_14": 0.21710088939642
      },
      "entry_threshold": 0.42,
      "exit_threshold": -0.18,
      "min_hold_bars": 6
    },
    "PLAYER_3": {
      "label": "Balanced",
      "weights": {
        "RSI_14": 1.0,
        "BBANDS_20_2": 0.9816100718557464,
        "STOCH_14_3": 1.0,
        "CMF_20": 1.0,
        "ZSCORE_20": 0.8346781189547162,
        "MFI_20": 1.0,
        "DEMA_20": 0.6571648653426123,
        "ADX_14": 1.0,
        "ATR_14": 0.7810074888228397,
        "TEMA_20": 0.4446391905188047,
        "CCI_14": 1.0,
        "PSAR": 1.0
      },
      "entry_threshold": 0.26,
      "exit_threshold": -0.15,
      "min_hold_bars": 3
    },
    "PLAYER_4": {
      "label": "VolBreakout",
      "weights": {
        "NATR_14": 0.9960246973183108,
        "KC_20_2": 0.5619357859051031,
        "ADX_14": 0.9912956363578508,
        "BBANDS_20_2": 1.0,
        "ATR_14": 0.9952172466609505,
        "CCI_14": 0.32784808946698296,
        "RSI_7": 0.18555397151456465,
        "OBV": 1.0,
        "CMF_20": 0.9478752763875492,
        "NVI": 0.919717357635178,
        "VWAP": 1.0,
        "ADX_21": 1.0
      },
      "entry_threshold": 0.29,
      "exit_threshold": -0.18,
      "min_hold_bars": 3
    },
    "PLAYER_5": {
      "label": "Momentum",
      "weights": {
        "RSI_7": 1.0,
        "TSI_13_25": 1.0,
        "MACD_12_26_9": 1.0,
        "CMO_14": 1.0,
        "STOCH_5_3": 0.9959437235404222,
        "COPPOCK": 0.9987560096545219,
        "ROC_20": 1.0,
        "ROC_10": 1.0,
        "MOM_10": 1.0,
        "DEMA_20": 1.0,
        "KAMA_10": 1.0,
        "T3_10": 1.0
      },
      "entry_threshold": 0.22,
      "exit_threshold": -0.05,
      "min_hold_bars": 2
    }
  }
}